Workbook

Sheet داشبورد
C41: واقعی | D41: مطلوب | E41: ایده ال | F41: انحراف | G41: درصد بهره وری
B42: بهره وری تولید | C42: 1275000 | D42: 1360000 | E42: 2480000 | F42: 85000 | G42: 79.6875 | I42: درامد | J42: =درامد!E8 -> 5521716000
I43: هزینه | J43: =منابع!D4 -> 3914000000
B44: نرخ ضایعات | C44: 0.99000202 | D44: 1 | E44: 1 | F44: 0.0099979798 | G44: *****
B46: نرخ توقف خط تولید | C46: 0 | G46: ****
B48: بهره وری نیروی انسانی | C48: 4829.5455 | D48: 5151.5152 | E48: 7272.7273 | F48: 321.9697 | G48: 66.40625
B50: نرخ تولید بدون نقص | C50: 99.957647 | G50: *****
B52: هزینه تولید به ازای هر رول | C52: 10745.098 | D52: 10073.529 | E52: 7135.4167 | G52: 150.58824
B54: نرخ بازدهی مالی | C54: -5288000000 | G54: -38.59854

Sheet KPI
C2: واقعی | D2: مطلوب | E2: ایده ال | F2: انحراف | G2: درصد بهره وری
B3: بهره وری تولید | C3: =مجموع!C4 -> 1045924 | D3: =مجموع!H3*مجموع!C3 -> 1248000 | E3: =مجموع!H3*155 -> 2480000 | F3: =D3-C3 -> 202076 | G3: =((مجموع!C3*مجموع!C4)/(مجموع!C3*مجموع!H3)) -> 65.37025
B5: نرخ ضایعات | C5: =(((مجموع!C12+مجموع!C15)/مجموع!C13+مجموع!C16)/1000000) -> 0.99000202 | D5: 1 | E5: 1 | F5: =D5-C5 -> 0.0099979798 | G5: *****
B7: نرخ توقف خط تولید | C7: =((مجموع!#REF!)/(مجموع!C3*8)) -> #REF! | G7: ****
B9: بهره وری نیروی انسانی | C9: =((مجموع!C4)/(منابع!C3*مجموع!H5)) -> 213.62827 | D9: =((مجموع!H3*مجموع!C3)/(منابع!C3*مجموع!H5)) -> 254.90196 | E9: =((مجموع!H3*مجموع!H4)/(مجموع!H6*مجموع!H5)) -> 7272.7273 | F9: =D9-C9 -> 41.273693 | G9: =(C9/E9)*100 -> 2.9373887
B11: نرخ تولید بدون نقص | C11: =((مجموع!C4-مجموع!C6)/(مجموع!C4))*100 -> 100 | G11: *****
B13: هزینه تولید به ازای هر رول | C13: =(منابع!D4/مجموع!C4) -> 3742.1457 | D13: =منابع!D4/(مجموع!H3*مجموع!C3) -> 3136.2179 | E13: =منابع!D4/(مجموع!H3*مجموع!H4) -> 2038.5417 | G13: =(C13/E13)*100 -> 183.56974
B15: نرخ بازدهی مالی | C15: =درامد!E8-منابع!D4 -> 1607716000 | G15: =(C15/منابع!D4)*100 -> 41.076035
G16: =100-G3 -> 34.62975
C21: برش 1 | D21: برش 2 | E21: برش 3 | F21: برش 4 | G21: برش 5
B22: تولید | C22: ='دستگاه 1'!C4 -> 455318 | D22: ='دستگاه 2'!C4 -> 206229 | E22: =دستگاه3!C4 -> 384377 | F22: =دستگاه4!C4 -> 0 | G22: ='دستگاه 5'!C4 -> 0
B23: تعداد شیفت فعال | C23: ='دستگاه 1'!C3 -> 25 | D23: ='دستگاه 2'!C3 -> 26 | E23: =دستگاه3!C3 -> 27 | F23: =دستگاه4!C3 -> 0 | G23: ='دستگاه 5'!C3 -> 0
B24: تعداد شیفت غیرفعال | C24: =25-C23 -> 0 | D24: =25-D23 -> -1 | E24: =25-E23 -> -2 | F24: =25-F23 -> 25 | G24: =25-G23 -> 25
B25: میانگین تولید در شیفت | C25: =C22/C23 -> 18212.72 | D25: =D22/D23 -> 7931.8846 | E25: =E22/E23 -> 14236.185 | F25: =F22/F23 -> #DIV/0! | G25: =G22/G23 -> #DIV/0!

Sheet ورودی
C2: برش 1 | D2: برش 2 | E2: برش 3 | F2: برش 4 | G2: برش 5 | I2: تعداد کل نیروی انسانی | K2: 612 | L2: نفر روز- 2 جمعه- 1 روز تعطیل رسمی- 2 قطعی برق
B3: تعداد شیفت فعال | C3: 25 | D3: 26 | E3: 27 | F3: 0 | G3: 0 | H3: شامل 0/5 شیفت تغییر سایز | I3: هزینه تولید | L3: طبق اخرین ویرایش حذف شد
B4: تولید بر اساس شاخص | C4: 455318 | D4: 206229 | E4: 384377 | F4: 0 | G4: 0 | I4: هزینه اجاره | K4: -
B5: ضایعات به درصد | C5: 1.53 | D5: 1.74 | E5: 1.58 | F5: 0 | G5: 0 | I5: هزینه تعمیرات و نگهداری | K5: 455000000 | L5: شامل اقلام فنی نمیشود
B6: تعداد تعمیری بر اساس شاخص | C6: 0 | D6: 0 | E6: 0 | F6: 0 | G6: 0 | I6: هزینه اب برق گاز تلفن اینترنت | K6: 99000000 | L6: شامل آب آشامیدنی
B7: خواب دستگاه به خاطر خرابی بر اساس شیفت | C7: 0 | D7: 0 | E7: 0 | F7: 0 | G7: 0 | I7: هزینه حقوق | K7: -
B8: خواب دستگاه به خاطرتغییر سایز بر اساس شیفت | C8: 0.5 | D8: 1 | E8: 0 | F8: 0 | G8: 0 | I8: هزینه حمل | K8: 1310000000 | L8: هزینه ورودی و خروجی و باسکول و اداری پیام
B9: خواب دستگاه به خاطر عدم کاراساس شیفت | C9: 1 | D9: 4 | E9: 2 | F9: 27 | G9: 27 | H9: عدم وجود سفارش | I9: سایر | K9: 2050000000 | L9: صبحانه-ناهار-مصرفی فروشگاهی | M9: بجز مهمانان
C11: تک رنگ | D11: دو رنگ | E11: سه رنگ | F11: چهار رنگ | G11: مجموع | J11: تعداد رول
B12: تعداد شیفت | G12: 4 | I12: تعدا تولید57 | J12: 206229
B13: متراژ چاپ به متر مربع | C13: 64625 | D13: 4750 | E13: 37580 | F13: 11910 | G13: 118865 | I13: تعدا تولید79 | J13: 382484
B14: ضایعات به در صد | G14: 0 | H14: ضایعات در فرایند برش بدست می اید | I14: تعدا تولیدرسید | J14: 3965
B15: خواب دستگاه به خاطر خرابی بر اساس شیفت | G15: 0 | I15: چاپ متر | J15: 118865
B16: خواب دستگاه به خاطرتغییر سایز بر اساس شیفت | G16: 0
B17: خواب دستگاه به خاطر عدم کاراساس شیفت | G17: 22

Sheet دستگاه 1
B3: تعداد شیفت | C3: =ورودی!C3 -> 25
B4: تعداد تولید واقعی بر اساس شاخص | C4: =ورودی!C4 -> 455318
B5: میزان ضایعات | C5: =ورودی!C5 -> 1.53
B6: تعداد ساعت خواب دستگاه | C6: =SUM(C8:C10) -> 1.5
B7: تعداد تعمیری | C7: =ورودی!C6 -> 0
B8: تعداد ساعت خواب دستگاه به خاطر عدم کار | C8: =ورودی!C9 -> 1
B9: تعداد ساعت خواب دستگاه به خاطر خرابی | C9: =ورودی!C8 -> 0.5
B10: تعداد ساعت خواب دستگاه به خاطر تغییر سایز | C10: =ورودی!C7 -> 0

Sheet دستگاه 2
B3: تعداد شیفت | C3: =ورودی!D3 -> 26
B4: تعداد تولید واقعی بر اساس شاخص | C4: =ورودی!D4 -> 206229
B5: میزان ضایعات | C5: =ورودی!D5 -> 1.74
B6: تعداد ساعت خواب دستگاه | C6: =SUM(C8:C10) -> 5
B7: تعداد تعمیری | C7: =ورودی!D6 -> 0
B8: تعداد ساعت خواب دستگاه به خاطر عدم کار | C8: =ورودی!D9 -> 4
B9: تعداد ساعت خواب دستگاه به خاطر خرابی | C9: =ورودی!D7 -> 0
B10: تعداد ساعت خواب دستگاه به خاطر تغییر سایز | C10: =ورودی!D8 -> 1
G25: دستگاه

Sheet دستگاه3
B3: تعداد شیفت | C3: =ورودی!E3 -> 27
B4: تعداد تولید واقعی بر اساس شاخص | C4: =ورودی!E4 -> 384377
B5: میزان ضایعات | C5: =ورودی!E5 -> 1.58
B6: تعداد ساعت خواب دستگاه | C6: =SUM(C8:C10) -> 2
B7: تعداد تعمیری | C7: =ورودی!E6 -> 0
B8: تعداد ساعت خواب دستگاه به خاطر عدم کار | C8: =ورودی!E9 -> 2
B9: تعداد ساعت خواب دستگاه به خاطر خرابی | C9: =ورودی!E7 -> 0
B10: تعداد ساعت خواب دستگاه به خاطر تغییر سایز | C10: =ورودی!E8 -> 0

Sheet دستگاه4
B3: تعداد شیفت | C3: =ورودی!F3 -> 0
B4: تعداد تولید واقعی بر اساس شاخص | C4: =ورودی!F4 -> 0
B5: میزان ضایعات | C5: =ورودی!F5 -> 0
B6: تعداد ساعت خواب دستگاه | C6: =SUM(C8:C10) -> 27
B7: تعداد تعمیری | C7: =ورودی!F6 -> 0
B8: تعداد ساعت خواب دستگاه به خاطر عدم کار | C8: =ورودی!F9 -> 27
B9: تعداد ساعت خواب دستگاه به خاطر خرابی | C9: =ورودی!F7 -> 0
B10: تعداد ساعت خواب دستگاه به خاطر تغییر سایز | C10: =ورودی!F8 -> 0

Sheet دستگاه 5
B3: تعداد شیفت | C3: =ورودی!G3 -> 0
B4: تعداد تولید واقعی بر اساس شاخص | C4: =ورودی!G4 -> 0
B5: میزان ضایعات | C5: =ورودی!G5 -> 0
B6: تعداد ساعت خواب دستگاه | C6: =SUM(C8:C10) -> 27
B7: تعداد تعمیری | C7: =ورودی!G6 -> 0
B8: تعداد ساعت خواب دستگاه به خاطر عدم کار | C8: =ورودی!G9 -> 27
B9: تعداد ساعت خواب دستگاه به خاطر خرابی | C9: =ورودی!G7 -> 0
B10: تعداد ساعت خواب دستگاه به خاطر تغییر سایز | C10: =ورودی!G8 -> 0

Sheet چاپ
A1: چاپ
B3: تعداد شیفت | C3: =ورودی!G12 -> 4
B4: متراژ واقعی چاپ | C4: =ورودی!G13 -> 118865
B5: میزان ضایعات | C5: =ورودی!G14 -> 0
B6: تعداد ساعت خواب دستگاه | C6: =SUM(C7:C9) -> 22
B7: تعداد ساعت خواب دستگاه به خاطر عدم کار | C7: =ورودی!G17 -> 22
B8: تعداد ساعت خواب دستگاه به خاطر خرابی | C8: =ورودی!G15 -> 0
B9: تعداد ساعت خواب دستگاه به خاطر تغییرچاپ | C9: =ورودی!G16 -> 0

Sheet منابع
B3: تعداد کل نیروی انسانی | C3: =ورودی!K2 -> 612
B4: هزینه تولید | C4: =ورودی!K3 -> 0 | D4: =SUM(C4:C10) -> 3914000000
B5: هزینه اجاره | C5: =ورودی!K4 -> -
B6: هزینه تعمیرات و نگهداری | C6: =ورودی!K5 -> 455000000
B7: هزینه اب برق گاز تلفن اینترنت | C7: =ورودی!K6 -> 99000000
B8: هزینه حقوق | C8: =ورودی!K7 -> -
B9: هزینه حمل | C9: =ورودی!K8 -> 1310000000
B10: سایر | C10: =ورودی!K9 -> 2050000000
B18: درامد | C18: =درامد!E8 -> 5521716000
B19: هزینه | C19: =منابع!D4 -> 3914000000
C21: برش 1 | D21: برش 2 | E21: برش 3 | F21: برش 4 | G21: برش 5
B22: تولید | C22: ='دستگاه 1'!C4 -> 455318 | D22: ='دستگاه 2'!C4 -> 206229 | E22: =دستگاه3!C4 -> 384377 | F22: =دستگاه4!C4 -> 0 | G22: ='دستگاه 5'!C4 -> 0
B23: تعداد شیفت فعال | C23: ='دستگاه 1'!C3 -> 25 | D23: ='دستگاه 2'!C3 -> 26 | E23: =دستگاه3!C3 -> 27 | F23: =دستگاه4!C3 -> 0 | G23: ='دستگاه 5'!C3 -> 0
B24: میانگین تولید در شیفت | C24: =C22/C23 -> 18212.72 | D24: =D22/D23 -> 7931.8846 | E24: =E22/E23 -> 14236.185 | F24: =F22/F23 -> #DIV/0! | G24: =G22/G23 -> #DIV/0!

Sheet درامد
C3: تعداد رول | D3: اجرت | E3: جمع کل | G3: شاخص
B4: تعدا تولید57 | C4: =ورودی!J12 -> 206229 | D4: 4000 | E4: =D4*C4 -> 824916000 | G4: =C4 -> 206229
B5: تعدا تولید79 | C5: =ورودی!J13 -> 382484 | D5: 10000 | E5: =D5*C5 -> 3824840000 | G5: =C5*2.1 -> 803216.4
B6: تعدا تولیدرسید | C6: =ورودی!J14 -> 3965 | D6: 100000 | E6: =D6*C6 -> 396500000 | G6: =C6*9.2 -> 36478
B7: چاپ | C7: =ورودی!J15 -> 118865 | D7: 4000 | E7: =D7*C7 -> 475460000 | G7: 0
E8: =SUM(E4:E7) -> 5521716000 | G8: =SUM(G4:G7) -> 1045923.4
B11: درامد | C11: =درامد!E8 -> 5521716000
B12: هزینه | C12: =منابع!D4 -> 3914000000
C14: برش 1 | D14: برش 2 | E14: برش 3 | F14: برش 4 | G14: برش 5
B15: تولید | C15: ='دستگاه 1'!C4 -> 455318 | D15: ='دستگاه 2'!C4 -> 206229 | E15: =دستگاه3!C4 -> 384377 | F15: =دستگاه4!C4 -> 0 | G15: ='دستگاه 5'!C4 -> 0
B16: تعداد شیفت فعال | C16: ='دستگاه 1'!C3 -> 25 | D16: ='دستگاه 2'!C3 -> 26 | E16: =دستگاه3!C3 -> 27 | F16: =دستگاه4!C3 -> 0 | G16: ='دستگاه 5'!C3 -> 0
B17: میانگین تولید در شیفت | C17: =C15/C16 -> 18212.72 | D17: =D15/D16 -> 7931.8846 | E17: =E15/E16 -> 14236.185 | F17: =F15/F16 -> #DIV/0! | G17: =G15/G16 -> #DIV/0!

Sheet مجموع
B3: تعداد شیفت | C3: ='دستگاه 1'!C3+'دستگاه 2'!C3+دستگاه3!C3+دستگاه4!C3+'دستگاه 5'!C3 -> 78 | D3: ='دستگاه 1'!D3+'دستگاه 2'!D3+دستگاه3!D3+دستگاه4!D3+'دستگاه 5'!D3 -> 0 | E3: ='دستگاه 1'!E3+'دستگاه 2'!E3+دستگاه3!E3+دستگاه4!E3+'دستگاه 5'!E3 -> 0 | G3: تولید بر اساس عملکرد مطلوب هر دستگاه هر شیفت | H3: 16000
B4: تعداد تولید واقعی بر اساس شاخص | C4: ='دستگاه 1'!C4+'دستگاه 2'!C4+دستگاه3!C4+دستگاه4!C4+'دستگاه 5'!C4 -> 1045924 | D4: ='دستگاه 1'!D4+'دستگاه 2'!D4+دستگاه3!D4+دستگاه4!D4+'دستگاه 5'!D4 -> 0 | E4: ='دستگاه 1'!E4+'دستگاه 2'!E4+دستگاه3!E4+دستگاه4!E4+'دستگاه 5'!E4 -> 0 | G4: تعداد کل شیفت | H4: 120
B5: میزان ضایعات | C5: ='دستگاه 1'!C5+'دستگاه 2'!C5+دستگاه3!C5+دستگاه4!C5+'دستگاه 5'!C5 -> 4.85 | D5: ='دستگاه 1'!D5+'دستگاه 2'!D5+دستگاه3!D5+دستگاه4!D5+'دستگاه 5'!D5 -> 0 | E5: ='دستگاه 1'!E5+'دستگاه 2'!E5+دستگاه3!E5+دستگاه4!E5+'دستگاه 5'!E5 -> 0 | G5: ساعت کاری هر شیفت | H5: 8
B6: تعداد تعمیری | C6: ='دستگاه 1'!C7+'دستگاه 2'!C7+دستگاه3!C7+دستگاه4!C7+'دستگاه 5'!C7 -> 0 | D6: ='دستگاه 1'!D7+'دستگاه 2'!D7+دستگاه3!D7+دستگاه4!D7+'دستگاه 5'!D7 -> 0 | E6: ='دستگاه 1'!E7+'دستگاه 2'!E7+دستگاه3!E7+دستگاه4!E7+'دستگاه 5'!E7 -> 0 | G6: تعداد نیروی فول سیستم | H6: 33
B7: متراژ واقعی چاپ | C7: ='دستگاه 1'!C8+'دستگاه 2'!C8+دستگاه3!C8+دستگاه4!C8+'دستگاه 5'!C8 -> 61 | D7: ='دستگاه 1'!D8+'دستگاه 2'!D8+دستگاه3!D8+دستگاه4!D8+'دستگاه 5'!D8 -> 0 | E7: ='دستگاه 1'!E8+'دستگاه 2'!E8+دستگاه3!E8+دستگاه4!E8+'دستگاه 5'!E8 -> 0
B8: میزان ضایعات چاپ | C8: ='دستگاه 1'!C9+'دستگاه 2'!C9+دستگاه3!C9+دستگاه4!C9+'دستگاه 5'!C9 -> 0.5 | D8: ='دستگاه 1'!D9+'دستگاه 2'!D9+دستگاه3!D9+دستگاه4!D9+'دستگاه 5'!D9 -> 0 | E8: ='دستگاه 1'!E9+'دستگاه 2'!E9+دستگاه3!E9+دستگاه4!E9+'دستگاه 5'!E9 -> 0
B9: تعداد ساعت خواب دستگاه چاپ | C9: ='دستگاه 1'!C10+'دستگاه 2'!C10+دستگاه3!C10+دستگاه4!C10+'دستگاه 5'!C10 -> 1 | D9: ='دستگاه 1'!D10+'دستگاه 2'!D10+دستگاه3!D10+دستگاه4!D10+'دستگاه 5'!D10 -> 0 | E9: ='دستگاه 1'!E10+'دستگاه 2'!E10+دستگاه3!E10+دستگاه4!E10+'دستگاه 5'!E10 -> 0
B12: وزن کاغذ مصرف | C12: 1000000 | D12: =C12-C13 -> 10000
B13: وزن محصول تولیدی | C13: 990000
B15: وزن کاغذ مصرفی | C15: 1000000 | D15: =C15-C16 -> 10000
B16: وزن کاغذ چاپی | C16: 990000
